<?xml version="1.0" encoding="UTF-8"?>
<beans xmlns="http://www.springframework.org/schema/beans"
	xmlns:xsi="http://www.w3.org/2001/XMLSchema-instance"
	xmlns:context="http://www.springframework.org/schema/context"
	xmlns:tx="http://www.springframework.org/schema/tx"
	xmlns:mybatis-spring="http://mybatis.org/schema/mybatis-spring"
	xmlns:aop="http://www.springframework.org/schema/aop"
	xsi:schemaLocation="http://mybatis.org/schema/mybatis-spring http://mybatis.org/schema/mybatis-spring-1.2.xsd
		http://www.springframework.org/schema/beans http://www.springframework.org/schema/beans/spring-beans.xsd
		http://www.springframework.org/schema/context http://www.springframework.org/schema/context/spring-context-3.1.xsd
		http://www.springframework.org/schema/aop http://www.springframework.org/schema/aop/spring-aop-4.3.xsd
		http://www.springframework.org/schema/tx http://www.springframework.org/schema/tx/spring-tx-4.3.xsd">

	<mybatis-spring:scan base-package="com.kosa.myapp.board.dao"/>
	<mybatis-spring:scan base-package="com.kosa.myapp.member.dao"/>
	<context:component-scan base-package="com.kosa.myapp.board.service"/>
	<context:component-scan base-package="com.kosa.myapp.member.service"/>
	<context:component-scan base-package="com.team5.myapp.hr.dao"/>
	<context:component-scan base-package="com.team5.myapp.hr.service"/>
	
	<context:property-placeholder location="classpath:database/jdbc.properties"/>
	
	<!-- TX by annotation -->
	<tx:annotation-driven/>
	 
	 <!-- DB 연결을 위한 DataSource -->
	<bean id="dataSource" class="org.apache.commons.dbcp.BasicDataSource">
		<property name="driverClassName" value="${jdbc.driverClassName}"/>
		<property name="url" value="${jdbc.url}"/>
		<property name="username" value="${jdbc.username}"/>
		<property name="password" value="${jdbc.password}"/>
	</bean>
	
	<bean id="jdbcTemplate" class="org.springframework.jdbc.core.JdbcTemplate">
		<property name="dataSource" ref="dataSource"/>
	</bean>
	
	<bean id="sqlSessionFactory" class="org.mybatis.spring.SqlSessionFactoryBean">
		<property name="dataSource" ref="dataSource"/>
		<property name="mapperLocations" value="classpath:com/kosa/myapp/**/*.xml"/>
	</bean>
	
	<!-- TX 처리를 위한 TransactionManager -->
	<bean id="transactionManager" 
	class="org.springframework.jdbc.datasource.DataSourceTransactionManager">
		<property name="dataSource" ref="dataSource"/>
	</bean>
	<tx:annotation-driven/>
	
	<bean id ="exceptionResolver" class= "org.springframework.web.servlet.handler.SimpleMappingExceptionResolver">
		<property name = "exceptionMappings">
			<props>
				<prop key = "java.lang.RuntimeException">
					error/runtime
				</prop>
			</props>
		</property>	
		<property name="defaultErrorView" value="error/default"/>
	</bean>

</beans>
