<?xml version="1.0" encoding="UTF-8"?>
<beans xmlns="http://www.springframework.org/schema/beans"
	xmlns:xsi="http://www.w3.org/2001/XMLSchema-instance"
	xmlns:mvc="http://www.springframework.org/schema/mvc"
	xmlns:context="http://www.springframework.org/schema/context"
	xsi:schemaLocation="http://www.springframework.org/schema/mvc http://www.springframework.org/schema/mvc/spring-mvc.xsd
		http://www.springframework.org/schema/beans http://www.springframework.org/schema/beans/spring-beans.xsd
		http://www.springframework.org/schema/context http://www.springframework.org/schema/context/spring-context.xsd">
	
	<mvc:annotation-driven />
	<context:component-scan base-package="com.kosa.myapp.board.controller"/>
	<context:component-scan base-package="com.kosa.myapp.member.controller"/>
	<context:component-scan base-package="com.team5.myapp.hr.controller"/>

	<bean
		class="org.springframework.web.servlet.view.InternalResourceViewResolver">
		<property name="prefix" value="/WEB-INF/views/" />
		<property name="suffix" value=".jsp" />
	</bean>

	<mvc:view-controller path="/" view-name="home" />

	<mvc:resources location="/WEB-INF/resources/" mapping="/**" />
	<mvc:resources location="/WEB-INF/resources/js/" mapping="/js/**" />
	<mvc:resources location="/WEB-INF/resources/css/" mapping="/css/**" />
	<mvc:resources location="/WEB-INF/resources/images/" mapping="/images/**" />
	<mvc:resources location="/WEB-INF/resources/font-awesome/" mapping="/font-awesome/**" />
	<mvc:resources location="/WEB-INF/resources/assets/" mapping="/assets/**" />

	<bean id="multipartResolver"
		class="org.springframework.web.multipart.commons.CommonsMultipartResolver">
		<property name="maxUploadSize">
			<value>50000000</value>
		</property>
	</bean>
	
	<mvc:interceptors>
		<mvc:interceptor>
			<mvc:mapping path="/file/**"/>
			<mvc:mapping path="/board/write/**"/>	
			<mvc:mapping path="/board/update/**"/>				
			<mvc:mapping path="/board/reply/**"/>
			<mvc:mapping path="/board/delete/**"/>
			<bean class="com.kosa.myapp.common.filter.LoginInterceptor"/>
		</mvc:interceptor>
	</mvc:interceptors>
	
	<bean id="exceptionResolver" class="org.springframework.web.servlet.handler.SimpleMappingExceptionResolver">
		<property name="exceptionMappings">
			<props>
				<prop key="java.lang.RuntimeException">
					error/runtime
				</prop>
			</props>
		</property>
	</bean>

</beans>


